A100,V100,Valid Plans,Money Cost,Wall Clock Time,Depth,Latency,TP/DP Strategy,PP Degree
4,0,62,20.27517808,11062.072350533017,0,156.1641693,1-Apr,1
2,6,149,25.01758904,18962.33757130881,2,510.2157593,1-1_1-2_1-1_1-1_1-1_1-2,6
3,5,340,27.60638356,18886.359587112216,3,257.0152283,1-4_2-1_1-2,3
4,4,252,30.19517808,13854.945504891573,0,253.200531,4-1_4-1,2
5,3,272,32.7839726,6591.698604114182,4,199.0795135,1-4_1-4,2
6,2,68,35.37276712,5552.249536926587,4,112.0567322,1-4_1-4,2
7,1,236,37.96156164,9995.664802154566,4,113.0104065,1-4_1-4,2
8,0,352,40.55035616,6092.519370297471,0,153.0647278,1-Aug,1
0,32,174,79.36,3383.446136885576,0,195.0263977,32-1,1
1,31,473,81.94879452,2671.2018281587084,4,441.0743713,4-4_4-4,2
2,30,319,84.53758904,1428.864355344979,5,432.9681396,2-8_4-4,2
3,29,281,87.12638356,2390.5559811743137,3,425.8155823,4-4_8-2,2
4,28,228,89.71517808,2162.928998680486,3,469.2077637,4-4_8-2,2
5,27,232,92.3039726,705.7541556250337,7,142.0974731,1-16_2-8,2
6,26,289,94.89276712,547.9901769743294,4,439.8822784,4-4_4-4,2
7,25,277,97.48156164,1516.3680583166483,1,493.7648773,8-2_16-1,2
8,24,253,100.0703562,1788.887466944155,6,138.0443573,1-16_4-4,2
9,23,244,102.6591507,4034.5233181469994,0,174.0455627,16-1_16-1,2
10,22,259,105.2479452,2202.2751780966078,0,175.2376556,16-1_16-1,2
11,21,240,107.8367397,1502.256215383481,0,221.9676971,8-1_8-1_8-1_8-1,4
12,20,218,110.4255342,5037.612936865324,0,211.9541168,8-1_8-1_8-1_8-1,4
13,19,213,113.0143288,2986.4215363498297,0,164.9856567,16-1_16-1,2
14,18,205,115.6031233,3188.4493242938825,0,278.9497375,16-1_16-1,2
15,17,237,118.1919178,1456.012492869794,0,169.0387726,16-1_16-1,2
16,16,206,120.7807123,1471.2495780055867,0,130.8917999,16-1_16-1,2
17,15,208,123.3695068,1914.5115895956205,6,144.9584961,2-8_2-8,2
18,14,200,125.9583014,989.1861369780881,6,144.0048218,2-8_2-8,2
19,13,209,128.5470959,2108.663506914521,6,141.1437988,2-8_2-8,2
20,12,225,131.1358904,1392.7449459097338,6,141.1437988,2-8_2-8,2
21,11,222,133.7246849,1619.285047385119,6,141.1437988,2-8_2-8,2
22,10,210,136.3134795,1391.961870360702,6,200.9868622,2-8_2-8,2
23,9,205,138.902274,3191.3956615283946,6,138.9980316,2-8_2-8,2
24,8,208,141.4910685,1823.2782540404214,6,134.9449158,2-8_2-8,2
25,7,189,144.079863,946.0382663625326,0,169.9924469,16-1_16-1,2
26,6,190,146.6686575,2179.3513461779853,0,170.9461212,16-1_16-1,2
27,5,187,149.2574521,839.0348925767031,0,166.8930054,16-1_16-1,2
28,4,187,151.8462466,1516.7651065948758,0,168.0850983,16-1_16-1,2
29,3,180,154.4350411,302.5451350378716,0,164.9856567,16-1_16-1,2
30,2,182,157.0238356,655.67311839004,0,170.9461212,16-1_16-1,2
31,1,184,159.6126301,1768.9476953153262,0,164.9856567,16-1_16-1,2
32,0,88,162.2014247,1601.5253897137293,0,191.9269562,32-1,1
0,64,32,158.72,2345.4063142869177,0,301.8379211,64-1,1
1,63,73,161.3087945,1237.2876502419913,3,688.0760193,8-4_16-2,2
2,62,84,163.897589,862.2954447765225,5,570.0588226,4-8_8-4,2
3,61,79,166.4863836,534.4572902760962,5,551.2237549,4-8_8-4,2
4,60,79,169.0751781,1071.0049461066508,8,164.9856567,1-32_4-8,2
5,59,86,171.6639726,1058.021151359127,5,560.0452423,4-8_8-4,2
6,58,83,174.2527671,1845.4359628482812,5,559.8068237,4-8_8-4,2
7,57,72,176.8415616,2116.3338547821972,3,935.792923,8-4_16-2,2
8,56,80,179.4303562,295.994471043547,3,676.1550903,8-4_16-2,2
9,55,78,182.0191507,1423.3602433740143,3,657.081604,8-4_16-2,2
10,54,71,184.6079452,1133.2967535829914,5,545.9785461,4-8_8-4,2
11,53,78,187.1967397,770.8768608252713,1,723.8388062,16-2_32-1,2
12,52,80,189.7855342,1315.7523977847598,1,758.8863373,16-2_32-1,2
13,51,77,192.3743288,1606.0946987818375,3,678.7776947,8-4_16-2,2
14,50,79,194.9631233,1375.2726744587299,1,732.8987122,16-2_32-1,2
15,49,80,197.5519178,665.6491686024449,1,752.2106171,16-2_32-1,2
16,48,74,200.1407123,1557.3685432731916,3,466.1083221,8-4_16-2,2
17,47,96,202.7295068,1215.7236442381686,3,677.1087646,8-4_16-2,2
18,46,90,205.3183014,1492.3734544774459,3,691.1754608,8-4_16-2,2
19,45,92,207.9070959,1055.5091494457286,3,668.0488586,8-4_16-2,2
20,44,86,210.4958904,1184.0886250708243,3,468.0156708,8-4_16-2,2
21,43,94,213.0846849,703.4225929791729,3,457.0484161,8-4_16-2,2
22,42,97,215.6734795,493.7647269139794,1,759.8400116,16-2_32-1,2
23,41,91,218.262274,1252.3624376548337,1,761.0321045,16-2_32-1,2
24,40,99,220.8510685,1457.923778197914,1,732.8987122,16-2_32-1,2
25,39,75,223.439863,1558.5663782545892,4,303.030014,16-Apr,1
26,38,77,226.0286575,2248.9750176872685,4,283.0028534,16-Apr,1
27,37,76,228.6174521,1836.9309259000345,4,439.8822784,16-Apr,1
28,36,77,231.2062466,1190.6779397460848,4,274.8966217,16-Apr,1
29,35,77,233.7950411,1836.7765966691616,4,310.8978271,16-Apr,1
30,34,78,236.3838356,2592.081656762431,4,295.8774567,16-Apr,1
31,33,75,238.9726301,1581.7935320691822,4,284.910202,16-Apr,1
32,32,64,241.5614247,1581.1713767435883,0,185.251236,32-1_32-1,2
33,31,81,244.1502192,-43.92609590577666,8,183.1054688,2-16_2-16,2
34,30,75,246.7390137,1218.5734782731943,8,175.9529114,2-16_2-16,2
35,29,71,249.3278082,949.0064624856817,8,186.2049103,2-16_2-16,2
36,28,71,251.9166027,807.3901220954043,8,179.0523529,2-16_2-16,2
37,27,66,254.5053973,950.7355920756918,8,187.1585846,2-16_2-16,2
38,26,66,257.0941918,187.97509237181558,8,199.0795135,2-16_2-16,2
39,25,71,259.6829863,836.4927494356461,8,186.920166,2-16_2-16,2
40,24,71,262.2717808,1048.074589636384,8,174.0455627,2-16_2-16,2
41,23,70,264.8605753,1459.2108515883656,8,177.1450043,2-16_2-16,2
42,22,73,267.4493699,726.9579254464139,8,177.86026,2-16_2-16,2
43,21,70,270.0381644,630.1183680950178,7,194.0727234,4-8_2-16,2
44,20,79,272.6269589,733.0154532310914,8,181.1981201,2-16_2-16,2
45,19,76,275.2157534,1252.8719409399448,8,179.0523529,2-16_2-16,2
46,18,76,277.8045479,1037.6707547338062,8,177.1450043,2-16_2-16,2
47,17,74,280.3933425,722.7430541280806,8,181.9133759,2-16_2-16,2
48,16,70,282.982137,1122.4995429132593,7,187.8738403,4-8_2-16,2
49,15,72,285.5709315,840.5641110233686,5,351.190567,8-4_4-8,2
50,14,71,288.159726,1122.6536125788248,5,252.9621124,8-4_4-8,2
51,13,69,290.7485205,581.9193359056942,5,231.7428589,8-4_4-8,2
52,12,72,293.3373151,703.0938437113088,5,239.1338348,8-4_4-8,2
53,11,72,295.9261096,661.7373584558014,6,207.1857452,4-8_4-8,2
54,10,73,298.5149041,394.51644049080386,3,252.0084381,16-2_8-4,2
55,9,69,301.1036986,1073.4226941152363,4,259.8762512,8-4_8-4,2
56,8,70,303.6924932,1059.961337563007,4,259.1609955,8-4_8-4,2
57,7,67,306.2812877,724.7919814054642,0,236.749649,32-1_32-1,2
58,6,69,308.8700822,655.4406052742726,0,236.0343933,32-1_32-1,2
59,5,70,311.4588767,313.8103732887408,0,226.020813,32-1_32-1,2
60,4,70,314.0476712,601.6093173590396,0,221.0140228,32-1_32-1,2
61,3,72,316.6364658,624.1566488247753,0,221.9676971,32-1_32-1,2
62,2,70,319.2252603,575.8091159539027,0,215.7688141,32-1_32-1,2
63,1,69,321.8140548,793.2113898345082,0,220.0603485,32-1_32-1,2
64,0,32,324.4028493,782.6190801028066,0,254.1542053,64-1,1
0,128,32,317.44,2087.7338159867886,0,410.7952118,128-1,1
1,127,78,320.0287945,594.4471646493429,5,1276.016235,8-8_16-4,2
2,126,78,322.617589,606.9150660565712,5,1805.782318,8-8_16-4,2
3,125,74,325.2063836,936.8608406904568,7,613.9278412,4-16_8-8,2
4,124,70,327.7951781,224.49735976117594,7,609.1594696,4-16_8-8,2
5,123,79,330.3839726,736.8843798339657,5,1291.036606,8-8_16-4,2
6,122,76,332.9727671,762.7265953744562,5,1256.942749,8-8_16-4,2
7,121,80,335.5615616,1122.8936469097143,3,1919.031143,16-4_32-2,2
8,120,85,338.1503562,522.0847891924841,3,1297.235489,16-4_32-2,2
9,119,77,340.7391507,741.9010134191949,5,1435.756683,8-8_16-4,2
10,118,77,343.3279452,652.8534459469768,5,1270.055771,8-8_16-4,2
11,117,79,345.9167397,352.5584230372369,5,1265.048981,8-8_16-4,2
12,116,76,348.5055342,1080.4131884808924,2,1471.996307,32-2_32-2,2
13,115,76,351.0943288,1083.045534328997,5,847.1012115,8-8_16-4,2
14,114,78,353.6831233,1085.5591060173558,5,842.8096771,8-8_16-4,2
15,113,76,356.2719178,524.6694533440907,5,854.0153503,8-8_16-4,2
16,112,82,358.8607123,802.3545445183217,3,1307.249069,16-4_32-2,2
17,111,147,361.4495068,225.7625486071907,3,1374.24469,16-4_32-2,2
18,110,152,364.0383014,634.6103894199865,3,1421.928406,16-4_32-2,2
19,109,123,366.6270959,964.285608566314,3,1364.946365,16-4_32-2,2
20,108,115,369.2158904,310.3225388852803,3,1368.761063,16-4_32-2,2
21,107,96,371.8046849,427.2485493394596,1,1467.227936,32-2_64-1,2
22,106,86,374.3934795,574.3889798991016,1,1659.870148,32-2_64-1,2
23,105,88,376.982274,515.9436434115489,3,1448.869705,16-4_32-2,2
24,104,100,379.5710685,245.32842247046932,3,1277.923584,16-4_32-2,2
25,103,84,382.159863,627.4048178786223,3,1416.921616,16-4_32-2,2
26,102,84,384.7486575,351.17596317550414,3,1414.775848,16-4_32-2,2
27,101,104,387.3374521,726.3385152271011,3,1356.124878,16-4_32-2,2
28,100,130,389.9262466,331.8085950337629,1,1538.991928,32-2_64-1,2
29,99,126,392.5150411,850.1984365528652,1,1558.065414,32-2_64-1,2
30,98,101,395.1038356,360.39481651967367,1,1477.003098,32-2_64-1,2
31,97,101,397.6926301,457.21231720103214,1,1552.820206,32-2_64-1,2
32,96,71,400.2814247,1064.1462993558835,5,494.2417145,Apr-32,1
33,95,113,402.8702192,331.8649441042062,1,1446.962357,32-2_64-1,2
34,94,73,405.4590137,713.2006061011192,1,1442.193985,32-2_64-1,2
35,93,72,408.0478082,995.5257217231356,1,1441.240311,32-2_64-1,2
36,92,69,410.6366027,290.8512080217972,1,982.0461273,32-2_64-1,2
37,91,70,413.2253973,874.8619982129682,1,987.0529175,32-2_64-1,2
38,90,70,415.8141918,899.3839396519375,1,1634.836197,32-2_64-1,2
39,89,71,418.4029863,1069.4725115900085,1,1448.392868,32-2_64-1,2
40,88,80,420.9917808,395.3962401169305,1,2033.233643,32-2_64-1,2
41,87,79,423.5805753,317.5668267771029,3,1336.097717,16-4_32-2,2
42,86,84,426.1693699,813.5931279375271,4,1332.044601,16-4_16-4,2
43,85,84,428.7581644,753.0282964371512,4,1374.959946,16-4_16-4,2
44,84,95,431.3469589,719.2234588143248,1,1475.811005,32-2_64-1,2
45,83,73,433.9357534,744.3147239276828,1,1459.83696,32-2_64-1,2
46,82,79,436.5245479,475.9034056526551,1,1461.029053,32-2_64-1,2
47,81,84,439.1133425,640.2869534114727,1,1469.85054,32-2_64-1,2
48,80,97,441.702137,654.539461853083,1,1389.026642,32-2_64-1,2
49,79,118,444.2909315,525.5861272512302,4,705.9574127,16-Aug,1
50,78,126,446.879726,1285.0179710212367,4,740.0512695,16-Aug,1
51,77,117,449.4685205,696.899567878285,1,1518.726349,32-2_64-1,2
52,76,114,452.0573151,306.68502620640345,1,1461.029053,32-2_64-1,2
53,75,94,454.6461096,739.7190441913227,1,1463.890076,32-2_64-1,2
54,74,81,457.2349041,357.44902728748104,1,1464.128494,32-2_64-1,2
55,73,71,459.8236986,770.3081850425951,1,1512.050629,32-2_64-1,2
56,72,82,462.4124932,857.3695112871119,1,1419.067383,32-2_64-1,2
57,71,67,465.0012877,494.2887898729181,4,1098.871231,16-Aug,1
58,70,67,467.5900822,1019.4068784642637,4,710.0105286,16-Aug,1
59,69,68,470.1788767,857.3452035157547,4,707.8647614,16-Aug,1
60,68,67,472.7676712,977.8120687427,4,734.0908051,16-Aug,1
61,67,67,475.3564658,1294.147918805111,4,718.1167603,16-Aug,1
62,66,66,477.9452603,663.6203453060784,4,736.951828,16-Aug,1
63,65,65,480.5340548,513.9936579905276,4,737.1902466,16-Aug,1
64,64,64,483.1228493,338.43367246349084,0,231.9812775,64-1_64-1,2
65,63,87,485.7116438,309.2339369560262,10,273.9429474,2-32_2-32,2
66,62,96,488.3004384,444.86815858896705,10,265.3598785,2-32_2-32,2
67,61,102,490.8892329,529.7454289444972,9,326.8718719,4-16_2-32,2
68,60,79,493.4780274,517.7263559202066,9,324.2492676,4-16_2-32,2
69,59,79,496.0668219,620.3681228813122,9,320.1961517,4-16_2-32,2
70,58,66,498.6556164,468.5603856995747,9,319.9577332,4-16_2-32,2
71,57,66,501.244411,725.9080711961707,10,294.9237823,2-32_2-32,2
72,56,70,503.8332055,416.7896808092889,9,308.9904785,4-16_2-32,2
73,55,68,506.422,973.3237710722326,9,329.9713135,4-16_2-32,2
74,54,68,509.0107945,582.7945863355097,9,323.0571747,4-16_2-32,2
75,53,72,511.599589,315.6615173642606,8,431.2992096,8-8_2-32,2
76,52,74,514.1883836,274.5937349625634,8,427.0076752,8-8_2-32,2
77,51,68,516.7771781,556.0952539436387,8,328.7792206,4-16_4-16,2
78,50,68,519.3659726,424.4704943576619,8,337.8391266,4-16_4-16,2
79,49,67,521.9547671,599.2646945542293,8,346.1837769,4-16_4-16,2
80,48,65,524.5435616,554.3733861280963,8,324.010849,4-16_4-16,2
81,47,77,527.1323562,466.36517782074884,7,446.7964172,8-8_4-16,2
82,46,88,529.7211507,317.6528616659531,7,437.0212555,8-8_4-16,2
83,45,87,532.3099452,189.29071446005986,7,447.9885101,8-8_4-16,2
84,44,87,534.8987397,394.56382968858554,7,447.0348358,8-8_4-16,2
85,43,80,537.4875342,644.9102532221813,7,442.98172,8-8_4-16,2
86,42,75,540.0763288,521.4955048714805,6,446.7964172,8-8_8-8,2
87,41,69,542.6651233,240.9981564752218,6,451.0879517,8-8_8-8,2
88,40,81,545.2539178,513.6343722668028,6,436.7828369,8-8_8-8,2
89,39,76,547.8427123,555.5198362823035,6,451.0879517,8-8_8-8,2
90,38,71,550.4315068,311.161350483663,6,446.0811615,8-8_8-8,2
91,37,69,553.0203014,510.930598744615,6,452.9953003,8-8_8-8,2
92,36,70,555.6090959,491.54320851218876,6,455.1410675,8-8_8-8,2
93,35,70,558.1978904,260.74445335166877,6,458.0020905,8-8_8-8,2
94,34,70,560.7866849,549.1053009953322,6,449.8958588,8-8_8-8,2
95,33,68,563.3754795,588.1098894735316,6,459.1941833,8-8_8-8,2
96,32,68,565.964274,688.4600508295622,6,434.8754883,8-8_8-8,2
97,31,90,568.5530685,682.8400085101617,6,458.0020905,8-8_8-8,2
98,30,87,571.141863,228.41856744372424,5,463.9625549,16-4_8-8,2
99,29,79,573.7306575,317.9364050943969,5,457.2868347,16-4_8-8,2
100,28,74,576.3194521,613.6249130744375,5,480.890274,16-4_8-8,2
101,27,70,578.9082466,613.370650176703,5,461.8167877,16-4_8-8,2
102,26,70,581.4970411,613.6274406294675,5,460.1478577,16-4_8-8,2
103,25,69,584.0858356,1292.9183121453898,5,457.0484161,16-4_8-8,2
104,24,70,586.6746301,624.9926636612038,5,442.0280457,16-4_8-8,2
105,23,72,589.2634247,774.6329960347381,3,500.9174347,32-2_16-4,2
106,22,72,591.8522192,735.947029753284,3,501.1558533,32-2_16-4,2
107,21,71,594.4410137,671.4695561253587,3,493.7648773,32-2_16-4,2
108,20,71,597.0298082,465.5023999152484,3,873.0888367,32-2_16-4,2
109,19,71,599.6186027,663.270750557045,4,492.811203,16-4_16-4,2
110,18,71,602.2073973,351.51743965335015,4,472.7840424,16-4_16-4,2
111,17,71,604.7961918,460.60638189368694,4,480.890274,16-4_16-4,2
112,16,70,607.3849863,410.0221086251076,4,458.9557648,16-4_16-4,2
113,15,69,609.9737808,526.9002582388578,8,348.0911255,4-16_4-16,2
114,14,70,612.5625753,982.5594530007472,8,364.0651703,4-16_4-16,2
115,13,72,615.1513699,129.12640795858613,8,329.0176392,4-16_4-16,2
116,12,72,617.7401644,650.2413465915738,8,332.8323364,4-16_4-16,2
117,11,71,620.3289589,181.07398399851257,8,332.1170807,4-16_4-16,2
118,10,72,622.9177534,413.88137684183766,8,329.9713135,4-16_4-16,2
119,9,72,625.5065479,732.4210609267259,8,333.070755,4-16_4-16,2
120,8,76,628.0953425,523.3097088842935,8,317.0967102,4-16_4-16,2
121,7,72,630.684137,260.7655555880559,0,390.7680511,64-1_64-1,2
122,6,71,633.2729315,327.21786679974275,0,391.0064697,64-1_64-1,2
123,5,68,635.861726,582.9682047785586,0,324.010849,64-1_64-1,2
124,4,67,638.4505205,324.4561322795456,0,329.9713135,64-1_64-1,2
125,3,67,641.0393151,498.0532483564902,0,325.2029419,64-1_64-1,2
126,2,67,643.6281096,466.72175627901,0,324.2492676,64-1_64-1,2
127,1,66,646.2169041,338.89765692235267,0,331.8786621,64-1_64-1,2
128,0,32,648.8056986,718.562386320825,0,379.0855408,128-1,1
4,0,62,20.27517808,11568.550484122065,0,145.9121704,1-Apr,1
2,6,149,25.01758904,3812.6224600416786,2,490.1885986,1-1_1-2_1-1_1-1_1-1_1-2,6
3,5,350,27.60638356,7706.341522273229,3,151.1573792,8-Jan,1
4,4,278,30.19517808,5273.08475542636,3,149.0116119,8-Jan,1
5,3,272,32.7839726,9616.763652580637,3,151.1573792,8-Jan,1
6,2,72,35.37276712,4898.061455761576,3,154.0184021,8-Jan,1
7,1,239,37.96156164,6842.348109785927,3,152.8263092,8-Jan,1
8,0,352,40.55035616,5603.1549892451285,0,152.1110535,1-Aug,1
0,32,174,79.36,5608.326893557053,0,187.8738403,32-1,1
1,31,468,81.94879452,932.4598624840522,5,188.1122589,Jan-32,1
2,30,312,84.53758904,1553.6162943605786,5,177.86026,Jan-32,1
3,29,280,87.12638356,1452.8560411224278,5,181.9133759,Jan-32,1
4,28,220,89.71517808,1324.876209618613,5,182.8670502,Jan-32,1
5,27,231,92.3039726,3060.209186091876,5,188.1122589,Jan-32,1
6,26,277,94.89276712,2084.151233732556,5,183.8207245,Jan-32,1
7,25,258,97.48156164,888.9919084744048,5,195.0263977,Jan-32,1
8,24,251,100.0703562,2452.1122342368885,5,187.8738403,Jan-32,1
9,23,246,102.6591507,3316.1215797540476,5,179.0523529,Jan-32,1
10,22,260,105.2479452,2534.3332810380025,5,183.8207245,Jan-32,1
11,21,245,107.8367397,703.543601524454,5,179.7676086,Jan-32,1
12,20,222,110.4255342,1446.191908231369,5,186.6817474,Jan-32,1
13,19,220,113.0143288,2702.5342325963234,5,179.7676086,Jan-32,1
14,18,208,115.6031233,1285.8903312170821,5,185.9664917,Jan-32,1
15,17,244,118.1919178,2112.0149809918344,5,186.6817474,Jan-32,1
16,16,206,120.7807123,2349.354757286843,5,180.0060272,Jan-32,1
17,15,207,123.3695068,1136.2322399336317,4,188.8275146,16-Feb,1
18,14,199,125.9583014,1762.7612264315594,4,195.7416534,16-Feb,1
19,13,208,128.5470959,-535.4193409628015,4,187.1585846,16-Feb,1
20,12,225,131.1358904,1065.8386709978872,4,189.0659332,16-Feb,1
21,11,220,133.7246849,1623.3259098232452,4,200.0331879,16-Feb,1
22,10,208,136.3134795,904.4794869721924,4,188.1122589,16-Feb,1
23,9,203,138.902274,2984.8515067885432,4,187.1585846,16-Feb,1
24,8,209,141.4910685,772.7616844447942,4,181.1981201,16-Feb,1
25,7,192,144.079863,1612.0300555749607,1,347.1374512,8-2_16-1,2
26,6,194,146.6686575,1859.9576341624393,3,463.0088806,4-4_8-2,2
27,5,193,149.2574521,2786.516240184115,3,496.1490631,4-4_8-2,2
28,4,190,151.8462466,708.9360280883758,4,450.8495331,4-4_4-4,2
29,3,181,154.4350411,2925.1390049084525,0,298.0232239,32-1,1
30,2,184,157.0238356,2068.9354263445184,2,189.0659332,4-4_16-1,2
31,1,189,159.6126301,1078.128408889912,1,511.1694336,8-2_16-1,2
32,0,88,162.2014247,1464.8549873250813,0,187.8738403,32-1,1
0,64,32,158.72,2369.718805606035,0,233.1733704,64-1,1
1,63,69,161.3087945,681.8608881924479,6,224.8287201,Jan-64,1
2,62,75,163.897589,922.3408246355715,6,217.1993256,Jan-64,1
3,61,72,166.4863836,758.9929249060168,6,238.8954163,Jan-64,1
4,60,74,169.0751781,938.0308925337993,6,224.1134644,Jan-64,1
5,59,76,171.6639726,1134.9365116397694,6,217.9145813,Jan-64,1
6,58,75,174.2527671,1466.533217359793,6,229.1202545,Jan-64,1
7,57,69,176.8415616,453.01710215508797,6,217.9145813,Jan-64,1
8,56,74,179.4303562,1662.865731296651,6,211.9541168,Jan-64,1
9,55,73,182.0191507,269.54250550105627,5,238.1801605,Feb-32,1
10,54,69,184.6079452,1155.1918872903939,5,249.6242523,Feb-32,1
11,53,73,187.1967397,1519.2812952374886,5,237.7033234,Feb-32,1
12,52,74,189.7855342,1368.0942223117145,5,237.7033234,Feb-32,1
13,51,72,192.3743288,923.528029791836,5,245.0942993,Feb-32,1
14,50,75,194.9631233,1127.4771220689274,5,247.9553223,Feb-32,1
15,49,74,197.5519178,987.3325619303366,5,263.9293671,Feb-32,1
16,48,75,200.1407123,939.9268898613019,5,237.2264862,Feb-32,1
17,47,95,202.7295068,1647.819013476628,5,241.9948578,Feb-32,1
18,46,87,205.3183014,1405.4936387092976,5,255.1078796,Feb-32,1
19,45,91,207.9070959,888.9885549835737,5,244.8558807,Feb-32,1
20,44,82,210.4958904,1672.4151557982873,5,326.8718719,Feb-32,1
21,43,88,213.0846849,1381.0361329599052,5,245.0942993,Feb-32,1
22,42,96,215.6734795,1629.7449757701897,5,274.181366,Feb-32,1
23,41,87,218.262274,1539.6043355218258,5,251.2931824,Feb-32,1
24,40,96,220.8510685,822.0420554028663,5,239.1338348,Feb-32,1
25,39,78,223.439863,954.2836647698173,5,239.1338348,Feb-32,1
26,38,81,226.0286575,1597.4888926723734,5,242.2332764,Feb-32,1
27,37,79,228.6174521,1530.1301808032151,5,236.9880676,Feb-32,1
28,36,80,231.2062466,1219.5793325358181,5,238.6569977,Feb-32,1
29,35,80,233.7950411,1287.5803458998641,5,238.8954163,Feb-32,1
30,34,82,236.3838356,1858.4022404808934,5,263.9293671,Feb-32,1
31,33,78,238.9726301,938.8413489876601,5,243.1869507,Feb-32,1
32,32,64,241.5614247,1499.0034204577084,5,231.7428589,Feb-32,1
33,31,80,244.1502192,830.3040245152071,5,249.1474152,Feb-32,1
34,30,72,246.7390137,824.7072950630062,5,235.080719,Feb-32,1
35,29,70,249.3278082,1300.4044515316648,5,236.9880676,Feb-32,1
36,28,70,251.9166027,1201.6266640795886,5,240.8027649,Feb-32,1
37,27,65,254.5053973,1197.3242182184724,5,236.0343933,Feb-32,1
38,26,65,257.0941918,1375.0954239633734,5,239.8490906,Feb-32,1
39,25,70,259.6829863,910.9552364096783,5,253.9157867,Feb-32,1
40,24,73,262.2717808,1149.7867132694084,5,238.1801605,Feb-32,1
41,23,70,264.8605753,791.2518543127709,5,244.140625,Feb-32,1
42,22,72,267.4493699,1020.5018670757494,5,239.8490906,Feb-32,1
43,21,69,270.0381644,856.3388752186148,5,250.1010895,Feb-32,1
44,20,79,272.6269589,849.0205758304646,0,749.8264313,32-1_32-1,2
45,19,77,275.2157534,1177.550293756436,3,486.8507385,8-4_16-2,2
46,18,77,277.8045479,639.8317475386798,3,739.0975952,8-4_16-2,2
47,17,76,280.3933425,1747.1704799091315,3,705.0037384,8-4_16-2,2
48,16,70,282.982137,628.5763274389471,4,277.9960632,16-Apr,1
49,15,71,285.5709315,523.3985993928754,3,349.9984741,8-Aug,1
50,14,72,288.159726,1466.187472260591,1,517.1298981,16-2_32-1,2
51,13,71,290.7485205,1319.3133755889464,1,763.1778717,16-2_32-1,2
52,12,73,293.3373151,1252.1614286721358,1,802.0401001,16-2_32-1,2
53,11,73,295.9261096,1253.855105325823,1,826.8356323,16-2_32-1,2
54,10,76,298.5149041,942.1468274974713,1,948.1906891,16-2_32-1,2
55,9,71,301.1036986,606.9821124975851,1,820.1599121,16-2_32-1,2
56,8,71,303.6924932,1048.4994233806842,3,416.0404205,8-Aug,1
57,7,70,306.2812877,733.3528994646557,0,742.9122925,32-1_32-1,2
58,6,72,308.8700822,1398.088436359769,0,824.6898651,32-1_32-1,2
59,5,73,311.4588767,946.6211580297464,0,808.9542389,32-1_32-1,2
60,4,73,314.0476712,673.6754947761043,0,705.0037384,32-1_32-1,2
61,3,75,316.6364658,876.4864222617756,0,703.0963898,32-1_32-1,2
62,2,73,319.2252603,1171.9123640456817,0,709.2952728,32-1_32-1,2
63,1,72,321.8140548,778.990227674748,0,772.9530334,32-1_32-1,2
64,0,32,324.4028493,452.14853161261505,0,244.8558807,64-1,1
0,128,32,317.44,1305.9383940706396,0,479.9365997,128-1,1
1,127,73,320.0287945,675.7209373721695,6,384.0923309,Feb-64,1
2,126,75,322.617589,490.62536496765136,6,367.8798676,Feb-64,1
3,125,72,325.2063836,499.4639688694077,6,366.2109375,Feb-64,1
4,124,68,327.7951781,672.541284855508,6,368.8335419,Feb-64,1
5,123,74,330.3839726,258.9472098790589,6,376.701355,Feb-64,1
6,122,72,332.9727671,268.94666414576363,6,370.9793091,Feb-64,1
7,121,76,335.5615616,438.56072910566155,6,378.8471222,Feb-64,1
8,120,80,338.1503562,562.8744809712574,6,355.0052643,Feb-64,1
9,119,74,340.7391507,778.9633944091378,7,349.7600555,1-128,1
10,118,74,343.3279452,1101.6573474843865,7,354.05159,1-128,1
11,117,76,345.9167397,930.4802368353653,7,359.2967987,1-128,1
12,116,73,348.5055342,648.4817388286941,7,340.9385681,1-128,1
13,115,75,351.0943288,687.5343678386049,7,391.0064697,1-128,1
14,114,76,353.6831233,414.98156091147723,7,353.8131714,1-128,1
15,113,73,356.2719178,687.6737799657323,7,364.780426,1-128,1
16,112,80,358.8607123,612.8106074728316,7,366.2109375,1-128,1
17,111,144,361.4495068,782.2364769774462,7,365.0188446,1-128,1
18,110,150,364.0383014,463.5605518375848,7,355.0052643,1-128,1
19,109,123,366.6270959,836.7263436250119,7,347.8527069,1-128,1
20,108,116,369.2158904,1117.5593359541865,7,380.9928894,1-128,1
21,107,96,371.8046849,662.6643772998535,7,343.7995911,1-128,1
22,106,86,374.3934795,804.1271937599643,7,391.960144,1-128,1
23,105,90,376.982274,884.058025546825,7,347.1374512,1-128,1
24,104,102,379.5710685,581.6172845187128,7,342.130661,1-128,1
25,103,85,382.159863,754.905053544163,7,353.0979156,1-128,1
26,102,85,384.7486575,696.2937982143162,7,382.1849823,1-128,1
27,101,103,387.3374521,719.8723344965621,7,362.3962402,1-128,1
28,100,128,389.9262466,478.58641007752925,7,371.9329834,1-128,1
29,99,125,392.5150411,699.5964714843933,7,349.9984741,1-128,1
30,98,100,395.1038356,830.810288450208,7,346.8990326,1-128,1
31,97,100,397.6926301,1094.947508838203,7,347.8527069,1-128,1
32,96,72,400.2814247,958.6389029105495,7,389.0991211,1-128,1
33,95,115,402.8702192,1159.219213801607,5,493.0496216,Apr-32,1
34,94,75,405.4590137,431.64522652620815,5,494.0032959,Apr-32,1
35,93,73,408.0478082,840.1258521199027,5,488.28125,Apr-32,1
36,92,69,410.6366027,668.4847711551646,5,602.0069122,Apr-32,1
37,91,72,413.2253973,1168.3422515171294,5,485.8970642,Apr-32,1
38,90,72,415.8141918,421.4434206145808,5,520.9445953,Apr-32,1
39,89,71,418.4029863,413.61505988063897,5,484.2281342,Apr-32,1
40,88,78,420.9917808,473.4868197006352,5,467.7772522,Apr-32,1
41,87,77,423.5805753,104.22664438668403,7,347.8527069,1-128,1
42,86,82,426.1693699,547.1060623011191,7,347.8527069,1-128,1
43,85,82,428.7581644,482.43206136294134,7,343.7995911,1-128,1
44,84,94,431.3469589,734.4815481312958,7,350.9521484,1-128,1
45,83,72,433.9357534,787.5121573067066,7,348.0911255,1-128,1
46,82,76,436.5245479,1212.7317643419813,7,348.8063812,1-128,1
47,81,81,439.1133425,956.1872108632667,7,357.8662872,1-128,1
48,80,96,441.702137,532.9316675136996,7,338.7928009,1-128,1
49,79,117,444.2909315,398.9932701905304,5,491.8575287,Apr-32,1
50,78,126,446.879726,745.3587348918422,5,665.9030914,Apr-32,1
51,77,116,449.4685205,293.90816859525177,5,486.1354828,Apr-32,1
52,76,116,452.0573151,1079.0701355504052,5,497.8179932,Apr-32,1
53,75,95,454.6461096,916.6366724105675,5,494.9569702,Apr-32,1
54,74,81,457.2349041,505.92699199577834,5,502.8247833,Apr-32,1
55,73,72,459.8236986,196.0270375992749,5,504.0168762,Apr-32,1
56,72,83,462.4124932,960.0919251425394,5,506.1626434,Apr-32,1
57,71,70,465.0012877,594.2752665280485,5,481.1286926,Apr-32,1
58,70,70,467.5900822,931.1795800111149,5,483.751297,Apr-32,1
59,69,71,470.1788767,225.5997625277446,5,541.9254303,Apr-32,1
60,68,69,472.7676712,473.49120988509037,5,488.0428314,Apr-32,1
61,67,69,475.3564658,624.1162169088507,5,496.1490631,Apr-32,1
62,66,68,477.9452603,634.5138769930949,5,504.9705505,Apr-32,1
63,65,66,480.5340548,510.68779576019824,5,485.8970642,Apr-32,1
64,64,64,483.1228493,777.9767237694394,5,478.0292511,Apr-32,1
65,63,86,485.7116438,333.3796603176306,4,714.0636444,16-Aug,1
66,62,95,488.3004384,548.7251721292649,4,707.1495056,16-Aug,1
67,61,100,490.8892329,609.8615796756667,4,714.0636444,16-Aug,1
68,60,78,493.4780274,701.5965706028679,4,728.1303406,16-Aug,1
69,59,78,496.0668219,747.4883746539468,4,893.8312531,16-Aug,1
70,58,65,498.6556164,320.1081344944215,4,710.2489471,16-Aug,1
71,57,65,501.244411,224.80541908802502,4,1291.99028,16-Aug,1
72,56,70,503.8332055,831.4368381503913,5,1244.306564,8-8_16-4,2
73,55,69,506.422,623.3699487257587,5,1339.912415,8-8_16-4,2
74,54,69,509.0107945,385.4942825128688,5,1317.024231,8-8_16-4,2
75,53,71,511.599589,891.6265599719558,5,1303.911209,8-8_16-4,2
76,52,72,514.1883836,436.1267817052992,1,1502.275467,32-2_64-1,2
77,51,69,516.7771781,613.4708112337287,1,1509.904861,32-2_64-1,2
78,50,69,519.3659726,428.09742373366447,1,1498.937607,32-2_64-1,2
79,49,67,521.9547671,999.9371381247498,3,928.8787842,16-4_32-2,2
80,48,66,524.5435616,990.4107219135851,4,687.122345,16-Aug,1
81,47,77,527.1323562,513.501147988884,4,718.1167603,16-Aug,1
82,46,87,529.7211507,791.926822238509,4,715.0173187,16-Aug,1
83,45,86,532.3099452,717.5159648733761,4,717.1630859,16-Aug,1
84,44,86,534.8987397,882.5033793205305,4,714.0636444,16-Aug,1
85,43,78,537.4875342,350.17814785594135,4,710.9642029,16-Aug,1
86,42,74,540.0763288,726.7947692416614,4,716.9246674,16-Aug,1
87,41,71,542.6651233,599.9079976107907,0,1208.06694,64-1_64-1,2
88,40,83,545.2539178,124.96769625187567,0,1157.999039,64-1_64-1,2
89,39,76,547.8427123,256.74876063804004,3,1405.000687,16-4_32-2,2
90,38,70,550.4315068,101.80594326646715,1,1016.139984,32-2_64-1,2
91,37,68,553.0203014,492.84613703965056,1,1489.877701,32-2_64-1,2
92,36,70,555.6090959,710.9110240351755,1,1536.607742,32-2_64-1,2
93,35,70,558.1978904,884.3146489636739,1,1482.009888,32-2_64-1,2
94,34,70,560.7866849,568.7422917338268,1,1548.051834,32-2_64-1,2
95,33,69,563.3754795,912.21126935085,1,1541.852951,32-2_64-1,2
96,32,69,565.964274,255.4686929793594,4,686.1686707,16-Aug,1
97,31,91,568.5530685,162.2896778807462,4,708.8184357,16-Aug,1
98,30,85,571.141863,565.9285859605096,3,750.0648499,16-8,1
99,29,77,573.7306575,667.7058417540202,3,735.0444794,16-8,1
100,28,73,576.3194521,517.9587760903478,1,1075.029373,32-2_64-1,2
101,27,70,578.9082466,90.80642140995238,1,1673.936844,32-2_64-1,2
102,26,70,581.4970411,506.11347447588696,1,1517.057419,32-2_64-1,2
103,25,70,584.0858356,250.97645044886548,1,1596.927643,32-2_64-1,2
104,24,71,586.6746301,665.4059981962013,1,1430.988312,32-2_64-1,2
105,23,71,589.2634247,614.9017547849287,3,736.951828,16-8,1
106,22,71,591.8522192,334.65472825463263,3,749.1111755,16-8,1
107,21,70,594.4410137,426.03693050777304,3,746.011734,16-8,1
108,20,70,597.0298082,309.05695797001806,3,868.0820465,16-8,1
109,19,71,599.6186027,522.8193040658405,3,738.1439209,16-8,1
110,18,72,602.2073973,741.1478322086796,3,742.1970367,16-8,1
111,17,72,604.7961918,324.82044269761536,3,964.1647339,16-8,1
112,16,71,607.3849863,644.3851964127189,3,709.0568542,16-8,1
113,15,70,609.9737808,461.5970873598747,1,1555.919647,32-2_64-1,2
114,14,72,612.5625753,357.01842398509734,0,1098.871231,64-1_64-1,2
115,13,74,615.1513699,500.4514401029672,0,1198.768616,64-1_64-1,2
116,12,74,617.7401644,306.33071012684536,0,1217.126846,64-1_64-1,2
117,11,72,620.3289589,407.04820979923346,0,1166.10527,64-1_64-1,2
118,10,73,622.9177534,272.3180741363048,0,1163.005829,64-1_64-1,2
119,9,73,625.5065479,933.7260636493023,0,1213.788986,64-1_64-1,2
120,8,77,628.0953425,530.209942655487,0,1100.063324,64-1_64-1,2
121,7,74,630.684137,376.49870145809257,0,1070.976257,64-1_64-1,2
122,6,73,633.2729315,567.5856191437813,0,1089.096069,64-1_64-1,2
123,5,69,635.861726,577.7405431341543,4,705.242157,16-Aug,1
124,4,68,638.4505205,551.4527492834316,4,781.7745209,16-Aug,1
125,3,68,641.0393151,753.5291271736123,4,701.9042969,16-Aug,1
126,2,68,643.6281096,788.2130848933134,4,695.9438324,16-Aug,1
127,1,66,646.2169041,476.55597601431407,4,719.7856903,16-Aug,1
128,0,32,648.8056986,297.73068110263,0,380.0392151,128-1,1
